[{"name":"北京","value":"100"},{"name":"天津","value":102},{"name":"上海","value":484},{"name":"重庆","value":104},{"name":"河北","value":87},{"name":"河南","value":216},{"name":"云南","value":12},{"name":"辽宁","value":124},{"name":"黑龙江","value":406},{"name":"湖南","value":186},{"name":"安徽","value":436},{"name":"山东","value":188},{"name":"新疆","value":333},{"name":"江苏","value":394},{"name":"浙江","value":22},{"name":"江西","value":149},{"name":"湖北","value":423},{"name":"广西","value":140},{"name":"甘肃","value":351},{"name":"山西","value":91},{"name":"内蒙古","value":493},{"name":"陕西","value":110},{"name":"吉林","value":487},{"name":"福建","value":29},{"name":"贵州","value":474},{"name":"广东","value":329},{"name":"青海","value":442},{"name":"西藏","value":54},{"name":"四川","value":169},{"name":"宁夏","value":299},{"name":"海南","value":131},{"name":"台湾","value":60},{"name":"香港","value":5},{"name":"澳门","value":341}]
