{
  "id": "1378173",
  "name": "ok-admin-v2.0",
  "font_family": "ok-icon",
  "css_prefix_text": "ok-icon-",
  "description": "",
  "glyphs": [
    {
      "icon_id": "29923",
      "name": "appreciate",
      "font_class": "appreciate",
      "unicode": "e644",
      "unicode_decimal": 58948
    },
    {
      "icon_id": "29924",
      "name": "check",
      "font_class": "check",
      "unicode": "e645",
      "unicode_decimal": 58949
    },
    {
      "icon_id": "29925",
      "name": "close",
      "font_class": "close",
      "unicode": "e646",
      "unicode_decimal": 58950
    },
    {
      "icon_id": "29928",
      "name": "edit",
      "font_class": "edit",
      "unicode": "e649",
      "unicode_decimal": 58953
    },
    {
      "icon_id": "29929",
      "name": "emoji",
      "font_class": "emoji",
      "unicode": "e64a",
      "unicode_decimal": 58954
    },
    {
      "icon_id": "29930",
      "name": "favor_fill",
      "font_class": "favorfill",
      "unicode": "e64b",
      "unicode_decimal": 58955
    },
    {
      "icon_id": "29931",
      "name": "favor",
      "font_class": "favor",
      "unicode": "e64c",
      "unicode_decimal": 58956
    },
    {
      "icon_id": "29934",
      "name": "loading",
      "font_class": "loading",
      "unicode": "e64f",
      "unicode_decimal": 58959
    },
    {
      "icon_id": "29935",
      "name": "location_fill",
      "font_class": "locationfill",
      "unicode": "e650",
      "unicode_decimal": 58960
    },
    {
      "icon_id": "29936",
      "name": "location",
      "font_class": "location",
      "unicode": "e651",
      "unicode_decimal": 58961
    },
    {
      "icon_id": "29937",
      "name": "phone",
      "font_class": "phone",
      "unicode": "e652",
      "unicode_decimal": 58962
    },
    {
      "icon_id": "29941",
      "name": "round_check_fill",
      "font_class": "roundcheckfill",
      "unicode": "e656",
      "unicode_decimal": 58966
    },
    {
      "icon_id": "29942",
      "name": "round_check",
      "font_class": "roundcheck",
      "unicode": "e657",
      "unicode_decimal": 58967
    },
    {
      "icon_id": "29943",
      "name": "round_close_fill",
      "font_class": "roundclosefill",
      "unicode": "e658",
      "unicode_decimal": 58968
    },
    {
      "icon_id": "29944",
      "name": "round_close",
      "font_class": "roundclose",
      "unicode": "e659",
      "unicode_decimal": 58969
    },
    {
      "icon_id": "29945",
      "name": "round_right_fill",
      "font_class": "roundrightfill",
      "unicode": "e65a",
      "unicode_decimal": 58970
    },
    {
      "icon_id": "29946",
      "name": "round_right",
      "font_class": "roundright",
      "unicode": "e65b",
      "unicode_decimal": 58971
    },
    {
      "icon_id": "29947",
      "name": "search",
      "font_class": "search",
      "unicode": "e65c",
      "unicode_decimal": 58972
    },
    {
      "icon_id": "29948",
      "name": "taxi",
      "font_class": "taxi",
      "unicode": "e65d",
      "unicode_decimal": 58973
    },
    {
      "icon_id": "29949",
      "name": "time_fill",
      "font_class": "timefill",
      "unicode": "e65e",
      "unicode_decimal": 58974
    },
    {
      "icon_id": "29950",
      "name": "time",
      "font_class": "time",
      "unicode": "e65f",
      "unicode_decimal": 58975
    },
    {
      "icon_id": "29952",
      "name": "unfold",
      "font_class": "unfold",
      "unicode": "e661",
      "unicode_decimal": 58977
    },
    {
      "icon_id": "29953",
      "name": "warn_fill",
      "font_class": "warnfill",
      "unicode": "e662",
      "unicode_decimal": 58978
    },
    {
      "icon_id": "29954",
      "name": "warn",
      "font_class": "warn",
      "unicode": "e663",
      "unicode_decimal": 58979
    },
    {
      "icon_id": "30413",
      "name": "camera_fill",
      "font_class": "camerafill",
      "unicode": "e664",
      "unicode_decimal": 58980
    },
    {
      "icon_id": "30414",
      "name": "camera",
      "font_class": "camera",
      "unicode": "e665",
      "unicode_decimal": 58981
    },
    {
      "icon_id": "30415",
      "name": "comment_fill",
      "font_class": "commentfill",
      "unicode": "e666",
      "unicode_decimal": 58982
    },
    {
      "icon_id": "30416",
      "name": "comment",
      "font_class": "comment",
      "unicode": "e667",
      "unicode_decimal": 58983
    },
    {
      "icon_id": "30417",
      "name": "like_fill",
      "font_class": "likefill",
      "unicode": "e668",
      "unicode_decimal": 58984
    },
    {
      "icon_id": "30418",
      "name": "like",
      "font_class": "like",
      "unicode": "e669",
      "unicode_decimal": 58985
    },
    {
      "icon_id": "30419",
      "name": "notification_fill",
      "font_class": "notificationfill",
      "unicode": "e66a",
      "unicode_decimal": 58986
    },
    {
      "icon_id": "30420",
      "name": "notification",
      "font_class": "notification",
      "unicode": "e66b",
      "unicode_decimal": 58987
    },
    {
      "icon_id": "30421",
      "name": "order",
      "font_class": "order",
      "unicode": "e66c",
      "unicode_decimal": 58988
    },
    {
      "icon_id": "30422",
      "name": "same_fill",
      "font_class": "samefill",
      "unicode": "e66d",
      "unicode_decimal": 58989
    },
    {
      "icon_id": "30423",
      "name": "same",
      "font_class": "same",
      "unicode": "e66e",
      "unicode_decimal": 58990
    },
    {
      "icon_id": "30433",
      "name": "deliver",
      "font_class": "deliver",
      "unicode": "e671",
      "unicode_decimal": 58993
    },
    {
      "icon_id": "30434",
      "name": "evaluate",
      "font_class": "evaluate",
      "unicode": "e672",
      "unicode_decimal": 58994
    },
    {
      "icon_id": "30435",
      "name": "pay",
      "font_class": "pay",
      "unicode": "e673",
      "unicode_decimal": 58995
    },
    {
      "icon_id": "30437",
      "name": "send",
      "font_class": "send",
      "unicode": "e675",
      "unicode_decimal": 58997
    },
    {
      "icon_id": "30438",
      "name": "shop",
      "font_class": "shop",
      "unicode": "e676",
      "unicode_decimal": 58998
    },
    {
      "icon_id": "30439",
      "name": "ticket",
      "font_class": "ticket",
      "unicode": "e677",
      "unicode_decimal": 58999
    },
    {
      "icon_id": "30440",
      "name": "wang",
      "font_class": "wang",
      "unicode": "e678",
      "unicode_decimal": 59000
    },
    {
      "icon_id": "30441",
      "name": "back",
      "font_class": "back",
      "unicode": "e679",
      "unicode_decimal": 59001
    },
    {
      "icon_id": "30444",
      "name": "cascades",
      "font_class": "cascades",
      "unicode": "e67c",
      "unicode_decimal": 59004
    },
    {
      "icon_id": "30446",
      "name": "discover",
      "font_class": "discover",
      "unicode": "e67e",
      "unicode_decimal": 59006
    },
    {
      "icon_id": "30450",
      "name": "list",
      "font_class": "list",
      "unicode": "e682",
      "unicode_decimal": 59010
    },
    {
      "icon_id": "30452",
      "name": "more",
      "font_class": "more",
      "unicode": "e684",
      "unicode_decimal": 59012
    },
    {
      "icon_id": "30479",
      "name": "scan",
      "font_class": "scan",
      "unicode": "e689",
      "unicode_decimal": 59017
    },
    {
      "icon_id": "30480",
      "name": "settings",
      "font_class": "settings",
      "unicode": "e68a",
      "unicode_decimal": 59018
    },
    {
      "icon_id": "31334",
      "name": "question_fill",
      "font_class": "questionfill",
      "unicode": "e690",
      "unicode_decimal": 59024
    },
    {
      "icon_id": "31335",
      "name": "question",
      "font_class": "question",
      "unicode": "e691",
      "unicode_decimal": 59025
    },
    {
      "icon_id": "31354",
      "name": "shop_fill",
      "font_class": "shopfill",
      "unicode": "e697",
      "unicode_decimal": 59031
    },
    {
      "icon_id": "31356",
      "name": "form",
      "font_class": "form",
      "unicode": "e699",
      "unicode_decimal": 59033
    },
    {
      "icon_id": "31359",
      "name": "wang_fill",
      "font_class": "wangfill",
      "unicode": "e69a",
      "unicode_decimal": 59034
    },
    {
      "icon_id": "31416",
      "name": "pic",
      "font_class": "pic",
      "unicode": "e69b",
      "unicode_decimal": 59035
    },
    {
      "icon_id": "32089",
      "name": "filter",
      "font_class": "filter",
      "unicode": "e69c",
      "unicode_decimal": 59036
    },
    {
      "icon_id": "32090",
      "name": "footprint",
      "font_class": "footprint",
      "unicode": "e69d",
      "unicode_decimal": 59037
    },
    {
      "icon_id": "32091",
      "name": "top",
      "font_class": "top",
      "unicode": "e69e",
      "unicode_decimal": 59038
    },
    {
      "icon_id": "32092",
      "name": "pull_down",
      "font_class": "pulldown",
      "unicode": "e69f",
      "unicode_decimal": 59039
    },
    {
      "icon_id": "32093",
      "name": "pull_up",
      "font_class": "pullup",
      "unicode": "e6a0",
      "unicode_decimal": 59040
    },
    {
      "icon_id": "32305",
      "name": "right",
      "font_class": "right",
      "unicode": "e6a3",
      "unicode_decimal": 59043
    },
    {
      "icon_id": "32312",
      "name": "refresh",
      "font_class": "refresh",
      "unicode": "e6a4",
      "unicode_decimal": 59044
    },
    {
      "icon_id": "32326",
      "name": "more_android",
      "font_class": "moreandroid",
      "unicode": "e6a5",
      "unicode_decimal": 59045
    },
    {
      "icon_id": "32462",
      "name": "delete_fill",
      "font_class": "deletefill",
      "unicode": "e6a6",
      "unicode_decimal": 59046
    },
    {
      "icon_id": "32468",
      "name": "refund",
      "font_class": "refund",
      "unicode": "e6ac",
      "unicode_decimal": 59052
    },
    {
      "icon_id": "32471",
      "name": "cart",
      "font_class": "cart",
      "unicode": "e6af",
      "unicode_decimal": 59055
    },
    {
      "icon_id": "32472",
      "name": "qr_code",
      "font_class": "qrcode",
      "unicode": "e6b0",
      "unicode_decimal": 59056
    },
    {
      "icon_id": "32475",
      "name": "remind",
      "font_class": "remind",
      "unicode": "e6b2",
      "unicode_decimal": 59058
    },
    {
      "icon_id": "32477",
      "name": "delete",
      "font_class": "delete",
      "unicode": "e6b4",
      "unicode_decimal": 59060
    },
    {
      "icon_id": "33515",
      "name": "profile",
      "font_class": "profile",
      "unicode": "e6b7",
      "unicode_decimal": 59063
    },
    {
      "icon_id": "33516",
      "name": "home",
      "font_class": "home",
      "unicode": "e6b8",
      "unicode_decimal": 59064
    },
    {
      "icon_id": "33517",
      "name": "cart_fill",
      "font_class": "cartfill",
      "unicode": "e6b9",
      "unicode_decimal": 59065
    },
    {
      "icon_id": "33518",
      "name": "discover_fill",
      "font_class": "discoverfill",
      "unicode": "e6ba",
      "unicode_decimal": 59066
    },
    {
      "icon_id": "33519",
      "name": "home_fill",
      "font_class": "homefill",
      "unicode": "e6bb",
      "unicode_decimal": 59067
    },
    {
      "icon_id": "33520",
      "name": "message",
      "font_class": "message",
      "unicode": "e6bc",
      "unicode_decimal": 59068
    },
    {
      "icon_id": "34920",
      "name": "address_book",
      "font_class": "addressbook",
      "unicode": "e6bd",
      "unicode_decimal": 59069
    },
    {
      "icon_id": "34922",
      "name": "link",
      "font_class": "link",
      "unicode": "e6bf",
      "unicode_decimal": 59071
    },
    {
      "icon_id": "34923",
      "name": "lock",
      "font_class": "lock",
      "unicode": "e6c0",
      "unicode_decimal": 59072
    },
    {
      "icon_id": "34925",
      "name": "unlock",
      "font_class": "unlock",
      "unicode": "e6c2",
      "unicode_decimal": 59074
    },
    {
      "icon_id": "34926",
      "name": "vip",
      "font_class": "vip",
      "unicode": "e6c3",
      "unicode_decimal": 59075
    },
    {
      "icon_id": "34927",
      "name": "weibo",
      "font_class": "weibo",
      "unicode": "e6c4",
      "unicode_decimal": 59076
    },
    {
      "icon_id": "36012",
      "name": "activity",
      "font_class": "activity",
      "unicode": "e6c5",
      "unicode_decimal": 59077
    },
    {
      "icon_id": "36014",
      "name": "big",
      "font_class": "big",
      "unicode": "e6c7",
      "unicode_decimal": 59079
    },
    {
      "icon_id": "36016",
      "name": "friend_add_fill",
      "font_class": "friendaddfill",
      "unicode": "e6c9",
      "unicode_decimal": 59081
    },
    {
      "icon_id": "36017",
      "name": "friend_add",
      "font_class": "friendadd",
      "unicode": "e6ca",
      "unicode_decimal": 59082
    },
    {
      "icon_id": "36018",
      "name": "friend_famous",
      "font_class": "friendfamous",
      "unicode": "e6cb",
      "unicode_decimal": 59083
    },
    {
      "icon_id": "36019",
      "name": "friend",
      "font_class": "friend",
      "unicode": "e6cc",
      "unicode_decimal": 59084
    },
    {
      "icon_id": "36020",
      "name": "goods",
      "font_class": "goods",
      "unicode": "e6cd",
      "unicode_decimal": 59085
    },
    {
      "icon_id": "36021",
      "name": "selection",
      "font_class": "selection",
      "unicode": "e6ce",
      "unicode_decimal": 59086
    },
    {
      "icon_id": "36022",
      "name": "tmall",
      "font_class": "tmall",
      "unicode": "e6cf",
      "unicode_decimal": 59087
    },
    {
      "icon_id": "36025",
      "name": "explore",
      "font_class": "explore",
      "unicode": "e6d2",
      "unicode_decimal": 59090
    },
    {
      "icon_id": "36037",
      "name": "present",
      "font_class": "present",
      "unicode": "e6d3",
      "unicode_decimal": 59091
    },
    {
      "icon_id": "38737",
      "name": "square_check_fill",
      "font_class": "squarecheckfill",
      "unicode": "e6d4",
      "unicode_decimal": 59092
    },
    {
      "icon_id": "38739",
      "name": "square",
      "font_class": "square",
      "unicode": "e6d5",
      "unicode_decimal": 59093
    },
    {
      "icon_id": "38741",
      "name": "square_check",
      "font_class": "squarecheck",
      "unicode": "e6d6",
      "unicode_decimal": 59094
    },
    {
      "icon_id": "38743",
      "name": "round",
      "font_class": "round",
      "unicode": "e6d7",
      "unicode_decimal": 59095
    },
    {
      "icon_id": "38744",
      "name": "round_add_fill",
      "font_class": "roundaddfill",
      "unicode": "e6d8",
      "unicode_decimal": 59096
    },
    {
      "icon_id": "38746",
      "name": "round_add",
      "font_class": "roundadd",
      "unicode": "e6d9",
      "unicode_decimal": 59097
    },
    {
      "icon_id": "38747",
      "name": "add",
      "font_class": "add",
      "unicode": "e6da",
      "unicode_decimal": 59098
    },
    {
      "icon_id": "38748",
      "name": "notification_forbid_fill",
      "font_class": "notificationforbidfill",
      "unicode": "e6db",
      "unicode_decimal": 59099
    },
    {
      "icon_id": "41956",
      "name": "explore_fill",
      "font_class": "explorefill",
      "unicode": "e6dd",
      "unicode_decimal": 59101
    },
    {
      "icon_id": "41957",
      "name": "fold",
      "font_class": "fold",
      "unicode": "e6de",
      "unicode_decimal": 59102
    },
    {
      "icon_id": "41958",
      "name": "game",
      "font_class": "game",
      "unicode": "e6df",
      "unicode_decimal": 59103
    },
    {
      "icon_id": "41959",
      "name": "redpacket",
      "font_class": "redpacket",
      "unicode": "e6e0",
      "unicode_decimal": 59104
    },
    {
      "icon_id": "41960",
      "name": "selection_fill",
      "font_class": "selectionfill",
      "unicode": "e6e1",
      "unicode_decimal": 59105
    },
    {
      "icon_id": "41961",
      "name": "similar",
      "font_class": "similar",
      "unicode": "e6e2",
      "unicode_decimal": 59106
    },
    {
      "icon_id": "43903",
      "name": "appreciate_fill",
      "font_class": "appreciatefill",
      "unicode": "e6e3",
      "unicode_decimal": 59107
    },
    {
      "icon_id": "43904",
      "name": "info_fill",
      "font_class": "infofill",
      "unicode": "e6e4",
      "unicode_decimal": 59108
    },
    {
      "icon_id": "43905",
      "name": "info",
      "font_class": "info",
      "unicode": "e6e5",
      "unicode_decimal": 59109
    },
    {
      "icon_id": "50905",
      "name": "tao",
      "font_class": "tao",
      "unicode": "e6e8",
      "unicode_decimal": 59112
    },
    {
      "icon_id": "50906",
      "name": "mobile_tao",
      "font_class": "mobiletao",
      "unicode": "e6e9",
      "unicode_decimal": 59113
    },
    {
      "icon_id": "52506",
      "name": "forward_fill",
      "font_class": "forwardfill",
      "unicode": "e6ea",
      "unicode_decimal": 59114
    },
    {
      "icon_id": "52507",
      "name": "forward",
      "font_class": "forward",
      "unicode": "e6eb",
      "unicode_decimal": 59115
    },
    {
      "icon_id": "52508",
      "name": "recharge_fill",
      "font_class": "rechargefill",
      "unicode": "e6ec",
      "unicode_decimal": 59116
    },
    {
      "icon_id": "52509",
      "name": "recharge",
      "font_class": "recharge",
      "unicode": "e6ed",
      "unicode_decimal": 59117
    },
    {
      "icon_id": "52510",
      "name": "vipcard",
      "font_class": "vipcard",
      "unicode": "e6ee",
      "unicode_decimal": 59118
    },
    {
      "icon_id": "55043",
      "name": "voice",
      "font_class": "voice",
      "unicode": "e6ef",
      "unicode_decimal": 59119
    },
    {
      "icon_id": "55448",
      "name": "voice_fill",
      "font_class": "voicefill",
      "unicode": "e6f0",
      "unicode_decimal": 59120
    },
    {
      "icon_id": "58464",
      "name": "friend_favor",
      "font_class": "friendfavor",
      "unicode": "e6f1",
      "unicode_decimal": 59121
    },
    {
      "icon_id": "59492",
      "name": "wifi",
      "font_class": "wifi",
      "unicode": "e6f2",
      "unicode_decimal": 59122
    },
    {
      "icon_id": "61143",
      "name": "share",
      "font_class": "share",
      "unicode": "e6f3",
      "unicode_decimal": 59123
    },
    {
      "icon_id": "61146",
      "name": "we_fill",
      "font_class": "wefill",
      "unicode": "e6f4",
      "unicode_decimal": 59124
    },
    {
      "icon_id": "61147",
      "name": "we",
      "font_class": "we",
      "unicode": "e6f5",
      "unicode_decimal": 59125
    },
    {
      "icon_id": "65413",
      "name": "light_auto",
      "font_class": "lightauto",
      "unicode": "e6f6",
      "unicode_decimal": 59126
    },
    {
      "icon_id": "65414",
      "name": "light_forbid",
      "font_class": "lightforbid",
      "unicode": "e6f7",
      "unicode_decimal": 59127
    },
    {
      "icon_id": "65415",
      "name": "light_fill",
      "font_class": "lightfill",
      "unicode": "e6f8",
      "unicode_decimal": 59128
    },
    {
      "icon_id": "65416",
      "name": "camera_rotate",
      "font_class": "camerarotate",
      "unicode": "e6f9",
      "unicode_decimal": 59129
    },
    {
      "icon_id": "65417",
      "name": "light",
      "font_class": "light",
      "unicode": "e6fa",
      "unicode_decimal": 59130
    },
    {
      "icon_id": "69052",
      "name": "bar_code",
      "font_class": "barcode",
      "unicode": "e6fb",
      "unicode_decimal": 59131
    },
    {
      "icon_id": "69053",
      "name": "flashlight_close",
      "font_class": "flashlightclose",
      "unicode": "e6fc",
      "unicode_decimal": 59132
    },
    {
      "icon_id": "69054",
      "name": "flashlight_open",
      "font_class": "flashlightopen",
      "unicode": "e6fd",
      "unicode_decimal": 59133
    },
    {
      "icon_id": "69055",
      "name": "search_list",
      "font_class": "searchlist",
      "unicode": "e6fe",
      "unicode_decimal": 59134
    },
    {
      "icon_id": "69056",
      "name": "service",
      "font_class": "service",
      "unicode": "e6ff",
      "unicode_decimal": 59135
    },
    {
      "icon_id": "69057",
      "name": "sort",
      "font_class": "sort",
      "unicode": "e700",
      "unicode_decimal": 59136
    },
    {
      "icon_id": "76370",
      "name": "down",
      "font_class": "down",
      "unicode": "e703",
      "unicode_decimal": 59139
    },
    {
      "icon_id": "76371",
      "name": "mobile",
      "font_class": "mobile",
      "unicode": "e704",
      "unicode_decimal": 59140
    },
    {
      "icon_id": "76380",
      "name": "mobile_fill",
      "font_class": "mobilefill",
      "unicode": "e705",
      "unicode_decimal": 59141
    },
    {
      "icon_id": "88609",
      "name": "copy",
      "font_class": "copy",
      "unicode": "e706",
      "unicode_decimal": 59142
    },
    {
      "icon_id": "88610",
      "name": "countdown_fill",
      "font_class": "countdownfill",
      "unicode": "e707",
      "unicode_decimal": 59143
    },
    {
      "icon_id": "88611",
      "name": "countdown",
      "font_class": "countdown",
      "unicode": "e708",
      "unicode_decimal": 59144
    },
    {
      "icon_id": "88612",
      "name": "notice_fill",
      "font_class": "noticefill",
      "unicode": "e709",
      "unicode_decimal": 59145
    },
    {
      "icon_id": "88613",
      "name": "notice",
      "font_class": "notice",
      "unicode": "e70a",
      "unicode_decimal": 59146
    },
    {
      "icon_id": "88614",
      "name": "qiang",
      "font_class": "qiang",
      "unicode": "e70b",
      "unicode_decimal": 59147
    },
    {
      "icon_id": "88621",
      "name": "upstage_fill",
      "font_class": "upstagefill",
      "unicode": "e70e",
      "unicode_decimal": 59150
    },
    {
      "icon_id": "88622",
      "name": "upstage",
      "font_class": "upstage",
      "unicode": "e70f",
      "unicode_decimal": 59151
    },
    {
      "icon_id": "90836",
      "name": "baby_fill",
      "font_class": "babyfill",
      "unicode": "e710",
      "unicode_decimal": 59152
    },
    {
      "icon_id": "90837",
      "name": "baby",
      "font_class": "baby",
      "unicode": "e711",
      "unicode_decimal": 59153
    },
    {
      "icon_id": "90838",
      "name": "brand_fill",
      "font_class": "brandfill",
      "unicode": "e712",
      "unicode_decimal": 59154
    },
    {
      "icon_id": "90839",
      "name": "brand",
      "font_class": "brand",
      "unicode": "e713",
      "unicode_decimal": 59155
    },
    {
      "icon_id": "90840",
      "name": "choiceness_fill",
      "font_class": "choicenessfill",
      "unicode": "e714",
      "unicode_decimal": 59156
    },
    {
      "icon_id": "90841",
      "name": "choiceness",
      "font_class": "choiceness",
      "unicode": "e715",
      "unicode_decimal": 59157
    },
    {
      "icon_id": "90842",
      "name": "clothes_fill",
      "font_class": "clothesfill",
      "unicode": "e716",
      "unicode_decimal": 59158
    },
    {
      "icon_id": "90843",
      "name": "clothes",
      "font_class": "clothes",
      "unicode": "e717",
      "unicode_decimal": 59159
    },
    {
      "icon_id": "90844",
      "name": "creative_fill",
      "font_class": "creativefill",
      "unicode": "e718",
      "unicode_decimal": 59160
    },
    {
      "icon_id": "90845",
      "name": "creative",
      "font_class": "creative",
      "unicode": "e719",
      "unicode_decimal": 59161
    },
    {
      "icon_id": "90846",
      "name": "female",
      "font_class": "female",
      "unicode": "e71a",
      "unicode_decimal": 59162
    },
    {
      "icon_id": "90847",
      "name": "keyboard",
      "font_class": "keyboard",
      "unicode": "e71b",
      "unicode_decimal": 59163
    },
    {
      "icon_id": "90848",
      "name": "male",
      "font_class": "male",
      "unicode": "e71c",
      "unicode_decimal": 59164
    },
    {
      "icon_id": "90849",
      "name": "new_fill",
      "font_class": "newfill",
      "unicode": "e71d",
      "unicode_decimal": 59165
    },
    {
      "icon_id": "90850",
      "name": "new",
      "font_class": "new",
      "unicode": "e71e",
      "unicode_decimal": 59166
    },
    {
      "icon_id": "90851",
      "name": "pull_left",
      "font_class": "pullleft",
      "unicode": "e71f",
      "unicode_decimal": 59167
    },
    {
      "icon_id": "90852",
      "name": "pull_right",
      "font_class": "pullright",
      "unicode": "e720",
      "unicode_decimal": 59168
    },
    {
      "icon_id": "90853",
      "name": "rank_fill",
      "font_class": "rankfill",
      "unicode": "e721",
      "unicode_decimal": 59169
    },
    {
      "icon_id": "90854",
      "name": "rank",
      "font_class": "rank",
      "unicode": "e722",
      "unicode_decimal": 59170
    },
    {
      "icon_id": "97033",
      "name": "bad",
      "font_class": "bad",
      "unicode": "e723",
      "unicode_decimal": 59171
    },
    {
      "icon_id": "97034",
      "name": "camera_add",
      "font_class": "cameraadd",
      "unicode": "e724",
      "unicode_decimal": 59172
    },
    {
      "icon_id": "97035",
      "name": "focus",
      "font_class": "focus",
      "unicode": "e725",
      "unicode_decimal": 59173
    },
    {
      "icon_id": "97037",
      "name": "friend_fill",
      "font_class": "friendfill",
      "unicode": "e726",
      "unicode_decimal": 59174
    },
    {
      "icon_id": "97882",
      "name": "camera_add_fill",
      "font_class": "cameraaddfill",
      "unicode": "e727",
      "unicode_decimal": 59175
    },
    {
      "icon_id": "127302",
      "name": "apps",
      "font_class": "apps",
      "unicode": "e729",
      "unicode_decimal": 59177
    },
    {
      "icon_id": "127303",
      "name": "paint_fill",
      "font_class": "paintfill",
      "unicode": "e72a",
      "unicode_decimal": 59178
    },
    {
      "icon_id": "127304",
      "name": "paint",
      "font_class": "paint",
      "unicode": "e72b",
      "unicode_decimal": 59179
    },
    {
      "icon_id": "127305",
      "name": "pic_fill",
      "font_class": "picfill",
      "unicode": "e72c",
      "unicode_decimal": 59180
    },
    {
      "icon_id": "136707",
      "name": "refresh_arrow",
      "font_class": "refresharrow",
      "unicode": "e72d",
      "unicode_decimal": 59181
    },
    {
      "icon_id": "143738",
      "name": "mark_fill",
      "font_class": "markfill",
      "unicode": "e730",
      "unicode_decimal": 59184
    },
    {
      "icon_id": "143739",
      "name": "mark",
      "font_class": "mark",
      "unicode": "e731",
      "unicode_decimal": 59185
    },
    {
      "icon_id": "143740",
      "name": "present_fill",
      "font_class": "presentfill",
      "unicode": "e732",
      "unicode_decimal": 59186
    },
    {
      "icon_id": "143741",
      "name": "repeal",
      "font_class": "repeal",
      "unicode": "e733",
      "unicode_decimal": 59187
    },
    {
      "icon_id": "151470",
      "name": "album",
      "font_class": "album",
      "unicode": "e734",
      "unicode_decimal": 59188
    },
    {
      "icon_id": "158873",
      "name": "people_fill",
      "font_class": "peoplefill",
      "unicode": "e735",
      "unicode_decimal": 59189
    },
    {
      "icon_id": "158874",
      "name": "people",
      "font_class": "people",
      "unicode": "e736",
      "unicode_decimal": 59190
    },
    {
      "icon_id": "158877",
      "name": "service_fill",
      "font_class": "servicefill",
      "unicode": "e737",
      "unicode_decimal": 59191
    },
    {
      "icon_id": "158968",
      "name": "repair",
      "font_class": "repair",
      "unicode": "e738",
      "unicode_decimal": 59192
    },
    {
      "icon_id": "158975",
      "name": "file",
      "font_class": "file",
      "unicode": "e739",
      "unicode_decimal": 59193
    },
    {
      "icon_id": "158976",
      "name": "repair_fill",
      "font_class": "repairfill",
      "unicode": "e73a",
      "unicode_decimal": 59194
    },
    {
      "icon_id": "166895",
      "name": "taoxiaopu",
      "font_class": "taoxiaopu",
      "unicode": "e73b",
      "unicode_decimal": 59195
    },
    {
      "icon_id": "176307",
      "name": "attention_fill",
      "font_class": "attentionfill",
      "unicode": "e73c",
      "unicode_decimal": 59196
    },
    {
      "icon_id": "176308",
      "name": "attention",
      "font_class": "attention",
      "unicode": "e73d",
      "unicode_decimal": 59197
    },
    {
      "icon_id": "176309",
      "name": "command_fill",
      "font_class": "commandfill",
      "unicode": "e73e",
      "unicode_decimal": 59198
    },
    {
      "icon_id": "176310",
      "name": "command",
      "font_class": "command",
      "unicode": "e73f",
      "unicode_decimal": 59199
    },
    {
      "icon_id": "176311",
      "name": "community_fill",
      "font_class": "communityfill",
      "unicode": "e740",
      "unicode_decimal": 59200
    },
    {
      "icon_id": "176312",
      "name": "community",
      "font_class": "community",
      "unicode": "e741",
      "unicode_decimal": 59201
    },
    {
      "icon_id": "176313",
      "name": "read",
      "font_class": "read",
      "unicode": "e742",
      "unicode_decimal": 59202
    },
    {
      "icon_id": "194830",
      "name": "suan",
      "font_class": "suan",
      "unicode": "e743",
      "unicode_decimal": 59203
    },
    {
      "icon_id": "194846",
      "name": "hua",
      "font_class": "hua",
      "unicode": "e744",
      "unicode_decimal": 59204
    },
    {
      "icon_id": "194847",
      "name": "ju",
      "font_class": "ju",
      "unicode": "e745",
      "unicode_decimal": 59205
    },
    {
      "icon_id": "194858",
      "name": "tian",
      "font_class": "tian",
      "unicode": "e748",
      "unicode_decimal": 59208
    },
    {
      "icon_id": "194872",
      "name": "calendar",
      "font_class": "calendar",
      "unicode": "e74a",
      "unicode_decimal": 59210
    },
    {
      "icon_id": "194873",
      "name": "cut",
      "font_class": "cut",
      "unicode": "e74b",
      "unicode_decimal": 59211
    },
    {
      "icon_id": "194874",
      "name": "magic",
      "font_class": "magic",
      "unicode": "e74c",
      "unicode_decimal": 59212
    },
    {
      "icon_id": "212324",
      "name": "backward_fill",
      "font_class": "backwardfill",
      "unicode": "e74d",
      "unicode_decimal": 59213
    },
    {
      "icon_id": "212328",
      "name": "play_fill",
      "font_class": "playfill",
      "unicode": "e74f",
      "unicode_decimal": 59215
    },
    {
      "icon_id": "212329",
      "name": "stop",
      "font_class": "stop",
      "unicode": "e750",
      "unicode_decimal": 59216
    },
    {
      "icon_id": "212330",
      "name": "tag_fill",
      "font_class": "tagfill",
      "unicode": "e751",
      "unicode_decimal": 59217
    },
    {
      "icon_id": "212331",
      "name": "tag",
      "font_class": "tag",
      "unicode": "e752",
      "unicode_decimal": 59218
    },
    {
      "icon_id": "212332",
      "name": "group",
      "font_class": "group",
      "unicode": "e753",
      "unicode_decimal": 59219
    },
    {
      "icon_id": "240126",
      "name": "all",
      "font_class": "all",
      "unicode": "e755",
      "unicode_decimal": 59221
    },
    {
      "icon_id": "240127",
      "name": "back_delete",
      "font_class": "backdelete",
      "unicode": "e756",
      "unicode_decimal": 59222
    },
    {
      "icon_id": "240128",
      "name": "hot_fill",
      "font_class": "hotfill",
      "unicode": "e757",
      "unicode_decimal": 59223
    },
    {
      "icon_id": "240129",
      "name": "hot",
      "font_class": "hot",
      "unicode": "e758",
      "unicode_decimal": 59224
    },
    {
      "icon_id": "240130",
      "name": "post",
      "font_class": "post",
      "unicode": "e759",
      "unicode_decimal": 59225
    },
    {
      "icon_id": "240132",
      "name": "radio_box",
      "font_class": "radiobox",
      "unicode": "e75b",
      "unicode_decimal": 59227
    },
    {
      "icon_id": "240133",
      "name": "round_down",
      "font_class": "rounddown",
      "unicode": "e75c",
      "unicode_decimal": 59228
    },
    {
      "icon_id": "240135",
      "name": "upload",
      "font_class": "upload",
      "unicode": "e75d",
      "unicode_decimal": 59229
    },
    {
      "icon_id": "240138",
      "name": "write_fill",
      "font_class": "writefill",
      "unicode": "e760",
      "unicode_decimal": 59232
    },
    {
      "icon_id": "240139",
      "name": "write",
      "font_class": "write",
      "unicode": "e761",
      "unicode_decimal": 59233
    },
    {
      "icon_id": "240141",
      "name": "radio_box_fill",
      "font_class": "radioboxfill",
      "unicode": "e763",
      "unicode_decimal": 59235
    },
    {
      "icon_id": "240628",
      "name": "punch",
      "font_class": "punch",
      "unicode": "e764",
      "unicode_decimal": 59236
    },
    {
      "icon_id": "240629",
      "name": "shake",
      "font_class": "shake",
      "unicode": "e765",
      "unicode_decimal": 59237
    },
    {
      "icon_id": "244443",
      "name": "第三方 微博",
      "font_class": "disanfangweibo",
      "unicode": "e701",
      "unicode_decimal": 59137
    },
    {
      "icon_id": "244444",
      "name": "第三方 微信",
      "font_class": "disanfangweixin",
      "unicode": "e70c",
      "unicode_decimal": 59148
    },
    {
      "icon_id": "252290",
      "name": "add",
      "font_class": "add1",
      "unicode": "e767",
      "unicode_decimal": 59239
    },
    {
      "icon_id": "252291",
      "name": "move",
      "font_class": "move",
      "unicode": "e768",
      "unicode_decimal": 59240
    },
    {
      "icon_id": "252292",
      "name": "safe",
      "font_class": "safe",
      "unicode": "e769",
      "unicode_decimal": 59241
    },
    {
      "icon_id": "252298",
      "name": "haodian",
      "font_class": "haodian",
      "unicode": "e76d",
      "unicode_decimal": 59245
    },
    {
      "icon_id": "252299",
      "name": "mao",
      "font_class": "mao",
      "unicode": "e76e",
      "unicode_decimal": 59246
    },
    {
      "icon_id": "252300",
      "name": "qi",
      "font_class": "qi",
      "unicode": "e76f",
      "unicode_decimal": 59247
    },
    {
      "icon_id": "252301",
      "name": "ye",
      "font_class": "ye",
      "unicode": "e770",
      "unicode_decimal": 59248
    },
    {
      "icon_id": "252303",
      "name": "juhuasuan",
      "font_class": "juhuasuan",
      "unicode": "e771",
      "unicode_decimal": 59249
    },
    {
      "icon_id": "252304",
      "name": "taoqianggou",
      "font_class": "taoqianggou",
      "unicode": "e772",
      "unicode_decimal": 59250
    },
    {
      "icon_id": "252305",
      "name": "tianmao",
      "font_class": "tianmao",
      "unicode": "e773",
      "unicode_decimal": 59251
    },
    {
      "icon_id": "289082",
      "name": "activity_fill",
      "font_class": "activityfill",
      "unicode": "e775",
      "unicode_decimal": 59253
    },
    {
      "icon_id": "289083",
      "name": "crown_fill",
      "font_class": "crownfill",
      "unicode": "e776",
      "unicode_decimal": 59254
    },
    {
      "icon_id": "289084",
      "name": "crown",
      "font_class": "crown",
      "unicode": "e777",
      "unicode_decimal": 59255
    },
    {
      "icon_id": "289085",
      "name": "goods_fill",
      "font_class": "goodsfill",
      "unicode": "e778",
      "unicode_decimal": 59256
    },
    {
      "icon_id": "289086",
      "name": "message_fill",
      "font_class": "messagefill",
      "unicode": "e779",
      "unicode_decimal": 59257
    },
    {
      "icon_id": "289087",
      "name": "profile_fill",
      "font_class": "profilefill",
      "unicode": "e77a",
      "unicode_decimal": 59258
    },
    {
      "icon_id": "289088",
      "name": "sound",
      "font_class": "sound",
      "unicode": "e77b",
      "unicode_decimal": 59259
    },
    {
      "icon_id": "289089",
      "name": "sponsor_fill",
      "font_class": "sponsorfill",
      "unicode": "e77c",
      "unicode_decimal": 59260
    },
    {
      "icon_id": "289090",
      "name": "sponsor",
      "font_class": "sponsor",
      "unicode": "e77d",
      "unicode_decimal": 59261
    },
    {
      "icon_id": "289091",
      "name": "up_block",
      "font_class": "upblock",
      "unicode": "e77e",
      "unicode_decimal": 59262
    },
    {
      "icon_id": "289092",
      "name": "we_block",
      "font_class": "weblock",
      "unicode": "e77f",
      "unicode_decimal": 59263
    },
    {
      "icon_id": "289093",
      "name": "we_unblock",
      "font_class": "weunblock",
      "unicode": "e780",
      "unicode_decimal": 59264
    },
    {
      "icon_id": "302325",
      "name": "1111",
      "font_class": "1111",
      "unicode": "e782",
      "unicode_decimal": 59266
    },
    {
      "icon_id": "330201",
      "name": "my",
      "font_class": "my",
      "unicode": "e78b",
      "unicode_decimal": 59275
    },
    {
      "icon_id": "330204",
      "name": "my_fill",
      "font_class": "myfill",
      "unicode": "e78c",
      "unicode_decimal": 59276
    },
    {
      "icon_id": "450956",
      "name": "emoji_fill",
      "font_class": "emojifill",
      "unicode": "e78d",
      "unicode_decimal": 59277
    },
    {
      "icon_id": "450957",
      "name": "emoji_flash_fill",
      "font_class": "emojiflashfill",
      "unicode": "e78e",
      "unicode_decimal": 59278
    },
    {
      "icon_id": "460104",
      "name": "flashbuy_fill",
      "font_class": "flashbuyfill-copy",
      "unicode": "e78f",
      "unicode_decimal": 59279
    },
    {
      "icon_id": "483656",
      "name": "text",
      "font_class": "text",
      "unicode": "e791",
      "unicode_decimal": 59281
    },
    {
      "icon_id": "510943",
      "name": "goods_favor",
      "font_class": "goodsfavor",
      "unicode": "e794",
      "unicode_decimal": 59284
    },
    {
      "icon_id": "510944",
      "name": "music_fill",
      "font_class": "musicfill",
      "unicode": "e795",
      "unicode_decimal": 59285
    },
    {
      "icon_id": "510945",
      "name": "music_forbid_fill",
      "font_class": "musicforbidfill",
      "unicode": "e796",
      "unicode_decimal": 59286
    },
    {
      "icon_id": "510946",
      "name": "xiami_forbid",
      "font_class": "xiamiforbid",
      "unicode": "e797",
      "unicode_decimal": 59287
    },
    {
      "icon_id": "510947",
      "name": "xiami",
      "font_class": "xiami",
      "unicode": "e798",
      "unicode_decimal": 59288
    },
    {
      "icon_id": "563741",
      "name": "选择",
      "font_class": "xuanze",
      "unicode": "e628",
      "unicode_decimal": 58920
    },
    {
      "icon_id": "569436",
      "name": "round_left_fill",
      "font_class": "roundleftfill",
      "unicode": "e799",
      "unicode_decimal": 59289
    },
    {
      "icon_id": "573576",
      "name": "triangle_down_fill",
      "font_class": "triangledownfill",
      "unicode": "e79b",
      "unicode_decimal": 59291
    },
    {
      "icon_id": "573577",
      "name": "triangle_up_fill",
      "font_class": "triangleupfill",
      "unicode": "e79c",
      "unicode_decimal": 59292
    },
    {
      "icon_id": "573594",
      "name": "round_left_fill",
      "font_class": "roundleftfill-copy",
      "unicode": "e79e",
      "unicode_decimal": 59294
    },
    {
      "icon_id": "630083",
      "name": "下拉",
      "font_class": "right1",
      "unicode": "e670",
      "unicode_decimal": 58992
    },
    {
      "icon_id": "639730",
      "name": "pull_down",
      "font_class": "pulldown1",
      "unicode": "e79f",
      "unicode_decimal": 59295
    },
    {
      "icon_id": "695192",
      "name": "搜索",
      "font_class": "sousuo",
      "unicode": "e63f",
      "unicode_decimal": 58943
    },
    {
      "icon_id": "747744",
      "name": "emoji_light",
      "font_class": "emojilight",
      "unicode": "e7a1",
      "unicode_decimal": 59297
    },
    {
      "icon_id": "747746",
      "name": "keyboard_light",
      "font_class": "keyboardlight",
      "unicode": "e7a3",
      "unicode_decimal": 59299
    },
    {
      "icon_id": "747747",
      "name": "record_fill",
      "font_class": "recordfill",
      "unicode": "e7a4",
      "unicode_decimal": 59300
    },
    {
      "icon_id": "747748",
      "name": "record_light",
      "font_class": "recordlight",
      "unicode": "e7a5",
      "unicode_decimal": 59301
    },
    {
      "icon_id": "747749",
      "name": "record",
      "font_class": "record",
      "unicode": "e7a6",
      "unicode_decimal": 59302
    },
    {
      "icon_id": "747750",
      "name": "round_add_light",
      "font_class": "roundaddlight",
      "unicode": "e7a7",
      "unicode_decimal": 59303
    },
    {
      "icon_id": "747751",
      "name": "sound_light",
      "font_class": "soundlight",
      "unicode": "e7a8",
      "unicode_decimal": 59304
    },
    {
      "icon_id": "748115",
      "name": "cardboard_fill",
      "font_class": "cardboardfill",
      "unicode": "e7a9",
      "unicode_decimal": 59305
    },
    {
      "icon_id": "748116",
      "name": "cardboard",
      "font_class": "cardboard",
      "unicode": "e7aa",
      "unicode_decimal": 59306
    },
    {
      "icon_id": "748267",
      "name": "form_fill",
      "font_class": "formfill",
      "unicode": "e7ab",
      "unicode_decimal": 59307
    },
    {
      "icon_id": "767224",
      "name": "coin",
      "font_class": "coin",
      "unicode": "e7ac",
      "unicode_decimal": 59308
    },
    {
      "icon_id": "767233",
      "name": "sort_light",
      "font_class": "sortlight",
      "unicode": "e7ad",
      "unicode_decimal": 59309
    },
    {
      "icon_id": "778804",
      "name": "ok",
      "font_class": "yooxi",
      "unicode": "e612",
      "unicode_decimal": 58898
    },
    {
      "icon_id": "815875",
      "name": "选择",
      "font_class": "choose",
      "unicode": "e614",
      "unicode_decimal": 58900
    },
    {
      "icon_id": "833467",
      "name": "cardboard_forbid",
      "font_class": "cardboardforbid",
      "unicode": "e7af",
      "unicode_decimal": 59311
    },
    {
      "icon_id": "833468",
      "name": "circle_fill",
      "font_class": "circlefill",
      "unicode": "e7b0",
      "unicode_decimal": 59312
    },
    {
      "icon_id": "833469",
      "name": "circle",
      "font_class": "circle",
      "unicode": "e7b1",
      "unicode_decimal": 59313
    },
    {
      "icon_id": "833470",
      "name": "attention_forbid",
      "font_class": "attentionforbid",
      "unicode": "e7b2",
      "unicode_decimal": 59314
    },
    {
      "icon_id": "833471",
      "name": "attention_forbid_fill",
      "font_class": "attentionforbidfill",
      "unicode": "e7b3",
      "unicode_decimal": 59315
    },
    {
      "icon_id": "833472",
      "name": "attention_favor_fill",
      "font_class": "attentionfavorfill",
      "unicode": "e7b4",
      "unicode_decimal": 59316
    },
    {
      "icon_id": "833473",
      "name": "attention_favor",
      "font_class": "attentionfavor",
      "unicode": "e7b5",
      "unicode_decimal": 59317
    },
    {
      "icon_id": "833475",
      "name": "pic_light",
      "font_class": "piclight",
      "unicode": "e7b7",
      "unicode_decimal": 59319
    },
    {
      "icon_id": "833476",
      "name": "shop_light",
      "font_class": "shoplight",
      "unicode": "e7b8",
      "unicode_decimal": 59320
    },
    {
      "icon_id": "833477",
      "name": "voice_light",
      "font_class": "voicelight",
      "unicode": "e7b9",
      "unicode_decimal": 59321
    },
    {
      "icon_id": "833479",
      "name": "attention_favor_fill",
      "font_class": "attentionfavorfill-copy",
      "unicode": "e7ba",
      "unicode_decimal": 59322
    },
    {
      "icon_id": "925818",
      "name": "支付宝",
      "font_class": "umidd17",
      "unicode": "e61a",
      "unicode_decimal": 58906
    },
    {
      "icon_id": "1005712",
      "name": "full",
      "font_class": "full",
      "unicode": "e7bc",
      "unicode_decimal": 59324
    },
    {
      "icon_id": "1005713",
      "name": "mail",
      "font_class": "mail",
      "unicode": "e7bd",
      "unicode_decimal": 59325
    },
    {
      "icon_id": "1005714",
      "name": "people_list",
      "font_class": "peoplelist",
      "unicode": "e7be",
      "unicode_decimal": 59326
    },
    {
      "icon_id": "1096510",
      "name": "goods_new_fill",
      "font_class": "goodsnewfill",
      "unicode": "e7bf",
      "unicode_decimal": 59327
    },
    {
      "icon_id": "1096511",
      "name": "goods_new",
      "font_class": "goodsnew",
      "unicode": "e7c0",
      "unicode_decimal": 59328
    },
    {
      "icon_id": "1096512",
      "name": "medal_fill",
      "font_class": "medalfill",
      "unicode": "e7c1",
      "unicode_decimal": 59329
    },
    {
      "icon_id": "1096513",
      "name": "medal",
      "font_class": "medal",
      "unicode": "e7c2",
      "unicode_decimal": 59330
    },
    {
      "icon_id": "1096514",
      "name": "news_fill",
      "font_class": "newsfill",
      "unicode": "e7c3",
      "unicode_decimal": 59331
    },
    {
      "icon_id": "1096515",
      "name": "news_hot_fill",
      "font_class": "newshotfill",
      "unicode": "e7c4",
      "unicode_decimal": 59332
    },
    {
      "icon_id": "1096516",
      "name": "news_hot",
      "font_class": "newshot",
      "unicode": "e7c5",
      "unicode_decimal": 59333
    },
    {
      "icon_id": "1096517",
      "name": "news",
      "font_class": "news",
      "unicode": "e7c6",
      "unicode_decimal": 59334
    },
    {
      "icon_id": "1096518",
      "name": "video_fill",
      "font_class": "videofill",
      "unicode": "e7c7",
      "unicode_decimal": 59335
    },
    {
      "icon_id": "1096519",
      "name": "video",
      "font_class": "video",
      "unicode": "e7c8",
      "unicode_decimal": 59336
    },
    {
      "icon_id": "1111734",
      "name": "ask_fill",
      "font_class": "askfill",
      "unicode": "e7c9",
      "unicode_decimal": 59337
    },
    {
      "icon_id": "1111735",
      "name": "ask",
      "font_class": "ask",
      "unicode": "e7ca",
      "unicode_decimal": 59338
    },
    {
      "icon_id": "1111736",
      "name": "exit",
      "font_class": "exit",
      "unicode": "e7cb",
      "unicode_decimal": 59339
    },
    {
      "icon_id": "1133854",
      "name": "skin_fill",
      "font_class": "skinfill",
      "unicode": "e7cc",
      "unicode_decimal": 59340
    },
    {
      "icon_id": "1133855",
      "name": "skin",
      "font_class": "skin",
      "unicode": "e7cd",
      "unicode_decimal": 59341
    },
    {
      "icon_id": "1134189",
      "name": "money_bag_fill",
      "font_class": "moneybagfill",
      "unicode": "e7ce",
      "unicode_decimal": 59342
    },
    {
      "icon_id": "1134190",
      "name": "usefull_fill",
      "font_class": "usefullfill",
      "unicode": "e7cf",
      "unicode_decimal": 59343
    },
    {
      "icon_id": "1134192",
      "name": "usefull",
      "font_class": "usefull",
      "unicode": "e7d0",
      "unicode_decimal": 59344
    },
    {
      "icon_id": "1134258",
      "name": "money_bag",
      "font_class": "moneybag",
      "unicode": "e7d1",
      "unicode_decimal": 59345
    },
    {
      "icon_id": "1241243",
      "name": "下载",
      "font_class": "download",
      "unicode": "e610",
      "unicode_decimal": 58896
    },
    {
      "icon_id": "1258903",
      "name": "redpacket_fill",
      "font_class": "redpacket_fill",
      "unicode": "e7d3",
      "unicode_decimal": 59347
    },
    {
      "icon_id": "1258904",
      "name": "subscription",
      "font_class": "subscription",
      "unicode": "e7d4",
      "unicode_decimal": 59348
    },
    {
      "icon_id": "1280170",
      "name": "选择按钮",
      "font_class": "xuanzeanniu",
      "unicode": "e604",
      "unicode_decimal": 58884
    },
    {
      "icon_id": "1412960",
      "name": "第三方",
      "font_class": "weibiaoti-",
      "unicode": "e627",
      "unicode_decimal": 58919
    },
    {
      "icon_id": "1485072",
      "name": "详情",
      "font_class": "xiangqing",
      "unicode": "e728",
      "unicode_decimal": 59176
    },
    {
      "icon_id": "1488521",
      "name": "数据",
      "font_class": "shuju",
      "unicode": "e660",
      "unicode_decimal": 58976
    },
    {
      "icon_id": "1492012",
      "name": "home_light",
      "font_class": "home_light",
      "unicode": "e7d5",
      "unicode_decimal": 59349
    },
    {
      "icon_id": "1493286",
      "name": "my_light",
      "font_class": "my_light",
      "unicode": "e7d6",
      "unicode_decimal": 59350
    },
    {
      "icon_id": "1656190",
      "name": "第三方 QQ",
      "font_class": "disanfangQQ",
      "unicode": "e6dc",
      "unicode_decimal": 59100
    },
    {
      "icon_id": "2059686",
      "name": "中国地图",
      "font_class": "chinamap-chart",
      "unicode": "e882",
      "unicode_decimal": 59522
    },
    {
      "icon_id": "3277861",
      "name": "地图",
      "font_class": "tubiaozhizuomoban",
      "unicode": "e601",
      "unicode_decimal": 58881
    },
    {
      "icon_id": "3625928",
      "name": "set",
      "font_class": "set",
      "unicode": "e889",
      "unicode_decimal": 59529
    },
    {
      "icon_id": "4294056",
      "name": "云",
      "font_class": "yun",
      "unicode": "e781",
      "unicode_decimal": 59265
    },
    {
      "icon_id": "4419024",
      "name": "控制台",
      "font_class": "kongzhitai_",
      "unicode": "e654",
      "unicode_decimal": 58964
    },
    {
      "icon_id": "4480714",
      "name": "数据",
      "font_class": "shuju1",
      "unicode": "e61b",
      "unicode_decimal": 58907
    },
    {
      "icon_id": "6749825",
      "name": "数据",
      "font_class": "shuju2",
      "unicode": "e640",
      "unicode_decimal": 58944
    },
    {
      "icon_id": "7871707",
      "name": "第三方",
      "font_class": "disanfang",
      "unicode": "e6be",
      "unicode_decimal": 59070
    },
    {
      "icon_id": "9429966",
      "name": "数据",
      "font_class": "shuju3",
      "unicode": "e606",
      "unicode_decimal": 58886
    },
    {
      "icon_id": "10051804",
      "name": "控制台",
      "font_class": "kongzhitai",
      "unicode": "e66f",
      "unicode_decimal": 58991
    },
    {
      "icon_id": "10172220",
      "name": "耳机",
      "font_class": "headset",
      "unicode": "e600",
      "unicode_decimal": 58880
    },
    {
      "icon_id": "10591531",
      "name": "设 置",
      "font_class": "shezhi",
      "unicode": "e611",
      "unicode_decimal": 58897
    },
    {
      "icon_id": "10659179",
      "name": "下拉",
      "font_class": "up-copy",
      "unicode": "e674",
      "unicode_decimal": 58996
    },
    {
      "icon_id": "11223649",
      "name": "下拉",
      "font_class": "down-copy",
      "unicode": "e67a",
      "unicode_decimal": 59002
    },
    {
      "icon_id": "11223663",
      "name": "下拉",
      "font_class": "left-copy",
      "unicode": "e67b",
      "unicode_decimal": 59003
    }
  ]
}
